[
  {
    "_id": "5f10ada16e6f44985b2f50e0",
    "index": 0,
    "guid": "3d0250b8-8dfe-4632-aec7-3143438989ef",
    "isActive": false,
    "balance": "$2,728.88",
    "age": 30,
    "eyeColor": "blue",
    "name": "Irma Curry",
    "gender": "female",
    "company": "RECOGNIA",
    "email": "irmacurry@recognia.com",
    "phone": "+1 (836) 486-2927",
    "registered": "2014-12-09T04:51:56 -06:-30",
    "latitude": -34.577814,
    "longitude": -42.070512
  },
  {
    "_id": "5f10ada1ac79da4d39eb45bc",
    "index": 1,
    "guid": "8ebdea9e-6957-4b27-b9d9-af4b30942e33",
    "isActive": true,
    "balance": "$3,145.18",
    "age": 27,
    "eyeColor": "brown",
    "name": "Knowles Charles",
    "gender": "male",
    "company": "GEOFORM",
    "email": "knowlescharles@geoform.com",
    "phone": "+1 (864) 506-3469",
    "registered": "2016-07-09T12:06:21 -06:-30",
    "latitude": -66.497178,
    "longitude": -160.222409
  },
  {
    "_id": "5f10ada175ef3e6444ae633b",
    "index": 2,
    "guid": "32ab0ee3-42ec-4e33-ba29-ef8c60469cad",
    "isActive": false,
    "balance": "$1,589.33",
    "age": 34,
    "eyeColor": "green",
    "name": "Alisha Massey",
    "gender": "female",
    "company": "CENTURIA",
    "email": "alishamassey@centuria.com",
    "phone": "+1 (924) 437-3545",
    "registered": "2020-01-30T02:21:58 -06:-30",
    "latitude": -72.85948,
    "longitude": -165.483028
  },
  {
    "_id": "5f10ada19903582a6f888fdb",
    "index": 3,
    "guid": "8db5e950-8d45-44fd-84cf-9ad82cc699c7",
    "isActive": false,
    "balance": "$1,358.55",
    "age": 39,
    "eyeColor": "brown",
    "name": "Jami Velasquez",
    "gender": "female",
    "company": "BIOSPAN",
    "email": "jamivelasquez@biospan.com",
    "phone": "+1 (893) 508-2678",
    "registered": "2015-04-17T12:27:20 -06:-30",
    "latitude": 84.213544,
    "longitude": -156.916317
  },
  {
    "_id": "5f10ada1a62bd75d98a9e096",
    "index": 4,
    "guid": "b103ed24-da49-4358-a6d7-1ba86e7625b9",
    "isActive": true,
    "balance": "$3,418.26",
    "age": 26,
    "eyeColor": "green",
    "name": "Mcbride Gregory",
    "gender": "male",
    "company": "AUSTEX",
    "email": "mcbridegregory@austex.com",
    "phone": "+1 (894) 446-3029",
    "registered": "2015-01-29T03:15:52 -06:-30",
    "latitude": 70.852661,
    "longitude": 152.040788
  },
  {
    "_id": "5f10ada1a0cba44b9491c75b",
    "index": 5,
    "guid": "dc266be2-9ca0-4bce-abbe-26e5c629b2f9",
    "isActive": true,
    "balance": "$3,436.28",
    "age": 25,
    "eyeColor": "blue",
    "name": "Camille English",
    "gender": "female",
    "company": "EVENTEX",
    "email": "camilleenglish@eventex.com",
    "phone": "+1 (822) 458-3644",
    "registered": "2017-12-11T04:01:51 -06:-30",
    "latitude": -70.095579,
    "longitude": -42.285566
  },
  {
    "_id": "5f10ada1e9c46aec07b662bc",
    "index": 6,
    "guid": "891f61a3-e123-438c-a6ac-0fcf4cde208f",
    "isActive": true,
    "balance": "$2,415.78",
    "age": 29,
    "eyeColor": "blue",
    "name": "Raquel Mason",
    "gender": "female",
    "company": "SONGBIRD",
    "email": "raquelmason@songbird.com",
    "phone": "+1 (804) 541-2188",
    "registered": "2018-10-09T11:41:50 -06:-30",
    "latitude": 43.468783,
    "longitude": -112.786883
  },
  {
    "_id": "5f10ada1a29daa14daf9a043",
    "index": 7,
    "guid": "5d93ad37-0c47-4359-b9b0-8861d580b1af",
    "isActive": false,
    "balance": "$3,192.82",
    "age": 35,
    "eyeColor": "blue",
    "name": "Katelyn Munoz",
    "gender": "female",
    "company": "ZILODYNE",
    "email": "katelynmunoz@zilodyne.com",
    "phone": "+1 (943) 531-3329",
    "registered": "2017-10-17T11:36:30 -06:-30",
    "latitude": 40.984465,
    "longitude": -92.46909
  },
  {
    "_id": "5f10ada1731ad2ed457c5585",
    "index": 8,
    "guid": "4cc839da-1e42-444b-a7ab-50f36b58b408",
    "isActive": true,
    "balance": "$2,959.97",
    "age": 27,
    "eyeColor": "green",
    "name": "Tina Fields",
    "gender": "female",
    "company": "COLLAIRE",
    "email": "tinafields@collaire.com",
    "phone": "+1 (901) 408-3563",
    "registered": "2016-11-03T09:51:34 -06:-30",
    "latitude": 7.514092,
    "longitude": -178.036714
  },
  {
    "_id": "5f10ada1f4d279173499ac80",
    "index": 9,
    "guid": "6d308bfe-27e2-4c25-92b2-b62dcc320e8d",
    "isActive": true,
    "balance": "$3,871.49",
    "age": 23,
    "eyeColor": "blue",
    "name": "Alford Jenkins",
    "gender": "male",
    "company": "TROLLERY",
    "email": "alfordjenkins@trollery.com",
    "phone": "+1 (985) 546-3397",
    "registered": "2015-11-03T10:12:26 -06:-30",
    "latitude": -78.868942,
    "longitude": 76.441324
  },
  {
    "_id": "5f10ada18604a9d6be8fa891",
    "index": 10,
    "guid": "8e7a9c63-834e-4d98-a9e2-a1490df9c2b8",
    "isActive": false,
    "balance": "$3,988.49",
    "age": 25,
    "eyeColor": "brown",
    "name": "Della Long",
    "gender": "female",
    "company": "FROSNEX",
    "email": "dellalong@frosnex.com",
    "phone": "+1 (982) 519-3461",
    "registered": "2014-12-10T06:53:07 -06:-30",
    "latitude": 6.282186,
    "longitude": 106.062158
  },
  {
    "_id": "5f10ada194a37914f6e518d1",
    "index": 11,
    "guid": "2fa4567f-d2ee-409c-8fe7-d8ee9f5cae50",
    "isActive": false,
    "balance": "$2,676.45",
    "age": 39,
    "eyeColor": "blue",
    "name": "Boyle Torres",
    "gender": "male",
    "company": "ARTWORLDS",
    "email": "boyletorres@artworlds.com",
    "phone": "+1 (864) 459-2622",
    "registered": "2016-04-29T04:40:43 -06:-30",
    "latitude": 2.868817,
    "longitude": 58.073536
  },
  {
    "_id": "5f10ada13cee1a624895a2cc",
    "index": 12,
    "guid": "178e0ad4-da8c-48ef-9eae-2847b5a1b52e",
    "isActive": true,
    "balance": "$2,657.97",
    "age": 33,
    "eyeColor": "brown",
    "name": "Ava Padilla",
    "gender": "female",
    "company": "NETPLAX",
    "email": "avapadilla@netplax.com",
    "phone": "+1 (820) 568-2925",
    "registered": "2015-07-14T03:34:52 -06:-30",
    "latitude": 21.792043,
    "longitude": 72.748937
  },
  {
    "_id": "5f10ada12994381fe6df3be2",
    "index": 13,
    "guid": "e40f716c-f310-4d4c-88a9-21a4edc6390d",
    "isActive": true,
    "balance": "$1,591.35",
    "age": 28,
    "eyeColor": "blue",
    "name": "Myrna Casey",
    "gender": "female",
    "company": "OVERPLEX",
    "email": "myrnacasey@overplex.com",
    "phone": "+1 (989) 546-3946",
    "registered": "2018-01-10T09:20:56 -06:-30",
    "latitude": 41.861856,
    "longitude": 13.775554
  },
  {
    "_id": "5f10ada115e0e12ccabca34a",
    "index": 14,
    "guid": "a9ad63e4-6855-4457-8675-ddb42002b657",
    "isActive": false,
    "balance": "$1,369.24",
    "age": 35,
    "eyeColor": "brown",
    "name": "Foley Sharpe",
    "gender": "male",
    "company": "MEDESIGN",
    "email": "foleysharpe@medesign.com",
    "phone": "+1 (833) 414-2277",
    "registered": "2015-01-14T06:12:44 -06:-30",
    "latitude": 74.026091,
    "longitude": -125.259553
  },
  {
    "_id": "5f10ada1555b7f706b97da01",
    "index": 15,
    "guid": "d7cacecf-0d69-4173-afce-6d9b03e868a8",
    "isActive": false,
    "balance": "$2,456.29",
    "age": 29,
    "eyeColor": "brown",
    "name": "Woodward Baker",
    "gender": "male",
    "company": "KYAGURU",
    "email": "woodwardbaker@kyaguru.com",
    "phone": "+1 (839) 502-3319",
    "registered": "2017-04-04T01:24:44 -06:-30",
    "latitude": 59.417947,
    "longitude": -162.485406
  },
  {
    "_id": "5f10ada11cf8f04e2748b237",
    "index": 16,
    "guid": "85bac492-e55e-4157-9886-50af578a9e8e",
    "isActive": false,
    "balance": "$1,026.72",
    "age": 26,
    "eyeColor": "brown",
    "name": "Janell Blankenship",
    "gender": "female",
    "company": "NITRACYR",
    "email": "janellblankenship@nitracyr.com",
    "phone": "+1 (930) 451-3551",
    "registered": "2017-02-17T04:26:39 -06:-30",
    "latitude": -47.746422,
    "longitude": -73.629984
  },
  {
    "_id": "5f10ada167c2e95038c0b702",
    "index": 17,
    "guid": "ff46038f-89cc-4b33-9170-4b3da9fa60c1",
    "isActive": true,
    "balance": "$1,613.54",
    "age": 25,
    "eyeColor": "brown",
    "name": "Addie Barrett",
    "gender": "female",
    "company": "PLEXIA",
    "email": "addiebarrett@plexia.com",
    "phone": "+1 (848) 514-2201",
    "registered": "2014-02-23T02:58:10 -06:-30",
    "latitude": 42.564611,
    "longitude": 17.610964
  },
  {
    "_id": "5f10ada123af6bf692d4e84c",
    "index": 18,
    "guid": "781c5e9f-0e56-463a-bc3a-2f1b55b6ba00",
    "isActive": true,
    "balance": "$1,766.95",
    "age": 29,
    "eyeColor": "blue",
    "name": "Georgina Irwin",
    "gender": "female",
    "company": "ZILLA",
    "email": "georginairwin@zilla.com",
    "phone": "+1 (846) 526-2608",
    "registered": "2017-08-17T01:21:32 -06:-30",
    "latitude": 32.223682,
    "longitude": 120.90248
  }
]
